{
    "version": "1.0",
    "board_config": {
        "cols": 7,
        "rows": 7,
        "square_size_mm": 22.0
    },
    "left_camera": {
        "camera_matrix": [
            [
                389.0995020821999,
                0.0,
                311.7958199869305
            ],
            [
                0.0,
                388.1562920391239,
                268.95978696260016
            ],
            [
                0.0,
                0.0,
                1.0
            ]
        ],
        "distortion_coeffs": [
            [
                -0.031836459506160576,
                0.13027590935169137,
                0.0024634159829993287,
                0.001323103695776076,
                -0.1185785737726744
            ]
        ],
        "reprojection_error": 0.0667098395570813,
        "num_images": 25,
        "image_width": 640,
        "image_height": 480
    },
    "right_camera": {
        "camera_matrix": [
            [
                372.4558973484377,
                0.0,
                362.70732421560893
            ],
            [
                0.0,
                371.7690626947511,
                236.31822343367278
            ],
            [
                0.0,
                0.0,
                1.0
            ]
        ],
        "distortion_coeffs": [
            [
                -0.07657596111058297,
                0.10795915258997049,
                -0.004226808580614056,
                0.006185675660160393,
                -0.06437596268689874
            ]
        ],
        "reprojection_error": 0.0877563838395201,
        "num_images": 25,
        "image_width": 640,
        "image_height": 480
    },
    "camera_ids": {
        "left": 2,
        "right": 1
    },
    "resolution": {
        "width": 640,
        "height": 480
    }
}