{
    "version": "2.0",
    "board_config": {
        "cols": 7,
        "rows": 7,
        "square_size_mm": 20.0
    },
    "left_camera": {
        "camera_matrix": [
            [
                399.9420309931056,
                0.0,
                314.6139243642169
            ],
            [
                0.0,
                399.4842166054834,
                268.93510053996806
            ],
            [
                0.0,
                0.0,
                1.0
            ]
        ],
        "distortion_coeffs": [
            [
                -0.023971844411740027,
                0.13405142076780407,
                0.002647505394099522,
                0.0016852053005739648,
                -0.14286122184939848
            ]
        ],
        "reprojection_error": 0.03303385884391213,
        "num_images": 25,
        "image_width": 640,
        "image_height": 480
    },
    "right_camera": {
        "camera_matrix": [
            [
                399.6724386708016,
                0.0,
                343.6689002026068
            ],
            [
                0.0,
                399.0189581740825,
                236.57221706601396
            ],
            [
                0.0,
                0.0,
                1.0
            ]
        ],
        "distortion_coeffs": [
            [
                -0.02576840330191594,
                0.12669113659034972,
                3.548275682603175e-06,
                0.0010307623497289153,
                -0.13096331212005588
            ]
        ],
        "reprojection_error": 0.01207328908167214,
        "num_images": 25,
        "image_width": 640,
        "image_height": 480
    },
    "stereo": {
        "rotation_matrix": [
            [
                0.9986816680892139,
                -0.05062266984737035,
                -0.008501242266246078
            ],
            [
                0.05092547360451541,
                0.9978894614005148,
                0.04028919165168493
            ],
            [
                0.006443753618898908,
                -0.040669006913306036,
                0.9991518953172157
            ]
        ],
        "translation_vector": [
            [
                -0.09078874917872215
            ],
            [
                -0.0024814307792086557
            ],
            [
                -0.00010254003945834392
            ]
        ],
        "essential_matrix": [
            [
                -1.0767828490731049e-05,
                0.00020324095026160154,
                -0.002475195010843095
            ],
            [
                0.00048261547342350335,
                -0.0036870974174362226,
                0.09071262253311697
            ],
            [
                -0.0021453006200599666,
                -0.09072275267026647,
                -0.003678900559699262
            ]
        ],
        "fundamental_matrix": [
            [
                -1.0703148903272574e-08,
                2.0225165177796102e-07,
                -0.0010350134452877546
            ],
            [
                4.80502166250539e-07,
                -3.6751590834066786e-06,
                0.03695813285576642
            ],
            [
                -0.0009622623663941953,
                -0.0352829541907259,
                1.0
            ]
        ],
        "rms_error": 0.0950690054495713,
        "baseline_cm": 9.082271186552743,
        "num_pairs": 8,
        "rectification": {
            "R1": [
                [
                    0.9997068617414877,
                    -0.02338562028938163,
                    -0.006269238443936267
                ],
                [
                    0.023507988614735284,
                    0.9995192930478723,
                    0.02021280030998042
                ],
                [
                    0.005793535904397446,
                    -0.020354252350861003,
                    0.99977604459847
                ]
            ],
            "R2": [
                [
                    0.9996260551341442,
                    0.027321698815600665,
                    0.0011290131879508024
                ],
                [
                    -0.02729317180716522,
                    0.9994212818381657,
                    -0.02030231961285007
                ],
                [
                    -0.0016830536692343141,
                    0.020263913313754586,
                    0.9997932492008331
                ]
            ],
            "P1": [
                [
                    512.1071080095547,
                    0.0,
                    306.8468818664551,
                    0.0
                ],
                [
                    0.0,
                    512.1071080095547,
                    310.4683780670166,
                    0.0
                ],
                [
                    0.0,
                    0.0,
                    1.0,
                    0.0
                ]
            ],
            "P2": [
                [
                    512.1071080095547,
                    0.0,
                    306.8468818664551,
                    -46.510956315040325
                ],
                [
                    0.0,
                    512.1071080095547,
                    310.4683780670166,
                    0.0
                ],
                [
                    0.0,
                    0.0,
                    1.0,
                    0.0
                ]
            ],
            "Q": [
                [
                    1.0,
                    0.0,
                    0.0,
                    -306.8468818664551
                ],
                [
                    0.0,
                    1.0,
                    0.0,
                    -310.4683780670166
                ],
                [
                    0.0,
                    0.0,
                    0.0,
                    512.1071080095547
                ],
                [
                    0.0,
                    0.0,
                    11.01046180475876,
                    -0.0
                ]
            ]
        }
    },
    "camera_ids": {
        "left": 2,
        "right": 1
    },
    "resolution": {
        "width": 640,
        "height": 480
    }
}